Model,svmPoly,C5.0,nb,nnet,pls,fda,pcaNNet
svmPoly,1.00000000,-0.83931710,0.52718148,-0.20691333,0.40298372,0.05550664,0.09768239
C5.0,-0.83931710,1.00000000,-0.66835614,0.11715746,-0.13006826,0.06997235,-0.21389836
nb,0.52718148,-0.66835614,1.00000000,-0.52291434,0.03137269,-0.12105469,0.58116015
nnet,-0.2069133,0.1171575,-0.5229143,1.0000000,-0.2393004,-0.1425389,-0.6187236
pls,0.40298372,-0.13006826,0.03137269,-0.23930041,1.00000000,0.44699210,-0.33445188
fda,0.05550664,0.06997235,-0.12105469,-0.14253887,0.44699210,1.00000000,-0.12076837
pcaNNet,0.09768239,-0.21389836,0.58116015,-0.61872361,-0.33445188,-0.12076837,1.00000000
