Statistics,E,N,P,R,T
Sensitivity,0.000000,0.9137,0.0000,0.4670,0.00000
Specificity,1.000000,0.4579,1.0000,0.9016,1.00000
Pos Pred Value,NaN,0.8217,NaN,0.5960,NaN
Neg Pred Value,0.998123,0.6599,0.9831,0.8447,0.98811
Prevalence,0.001877,0.7322,0.0169,0.2372,0.01189
Detection Rate,0.000000,0.6690,0.0000,0.1108,0.00000
Detection Prevalence,0.000000,0.8141,0.0000,0.1859,0.00000
Balanced Accuracy,0.500000,0.6858,0.5000,0.6843,0.50000
