Metric,svmPoly,C5.0,nb,nnet,pls,fda,pcaNNet
Accuracy,0.734,0.7866,0.9987,1,0.7566,0.7672,0.7791
95% CI,"(0.7116, 0.7556)","(0.7657, 0.8065)","(0.9955, 0.9998)","(0.9977, 1)","(0.7348, 0.7774)","(0.7457, 0.7877)","(0.7579, 0.7992)"
No Information Rate,0.7322,0.7322,0.7322,0.7322,0.7322,0.7322,0.7322
P-Value [Acc > NIR],0.4455,2.88e-07,< 2.2e-16,< 2.2e-16,0.01419,0.0007444,8.955e-06
Kappa,0.0217,0.3926,0.9969,1,0.2075,0.3367,0.3872
Mcnemar's Test P-Value,NA,NA,NA,NA,NA,NA,NA
