Metric,svmPoly,C5.0,nb,nnet,pls,fda,pcaNNet
Accuracy,0.7347,0.7866,0.9987,1,0.7566,0.7672,0.7797
95% CI,"(0.7123, 0.7562)","(0.7657, 0.8065)","(0.9955, 0.9998)","(0.9977, 1)","(0.7348, 0.7774)","(0.7457, 0.7877)","(0.7586, 0.7998)"
No Information Rate,0.7322,0.7322,0.7322,0.7322,0.7322,0.7322,0.7322
P-Value [Acc > NIR],0.4233,2.88e-07,< 2.2e-16,< 2.2e-16,0.01419,0.0007444,6.857e-06
Kappa,0.0251,0.3926,0.9969,1,0.2075,0.3367,0.3878
Mcnemar's Test P-Value,NA,NA,NA,NA,NA,NA,NA
