Statistics,E,N,P,R,T
Sensitivity,0.3333333,0.99658,0.0000,0.015831,0.00000
Specificity,0.9993730,0.01869,1.0000,0.996719,1.00000
Pos Pred Value,0.5000000,0.73518,NaN,0.600000,NaN
Neg Pred Value,0.9987469,0.66667,0.9831,0.765113,0.98811
Prevalence,0.0018773,0.73217,0.0169,0.237171,0.01189
Detection Rate,0.0006258,0.72966,0.0000,0.003755,0.00000
Detection Prevalence,0.0012516,0.99249,0.0000,0.006258,0.00000
Balanced Accuracy,0.6663532,0.50764,0.5000,0.506275,0.50000
