Model,svmPoly,C5.0,nb,nnet,pls,fda,pcaNNet
svmPoly,1.00000000,-0.27589551,0.44038210,0.05232239,-0.29525327,0.30778348,0.13413435
C5.0,-0.27589551,1.00000000,0.13637734,-0.32248241,0.76628452,-0.03143801,0.12435875
nb,0.44038210,0.13637734,1.00000000,-0.01611193,0.36635532,0.23648737,0.48119869
nnet,0.05232239,-0.32248241,-0.01611193,1.00000000,-0.35975804,0.36695953,-0.24995963
pls,-0.2952533,0.7662845,0.3663553,-0.3597580,1.0000000,0.1954584,0.4260570
fda,0.30778348,-0.03143801,0.23648737,0.36695953,0.19545841,1.00000000,0.08872156
pcaNNet,0.13413435,0.12435875,0.48119869,-0.24995963,0.42605698,0.08872156,1.00000000
