Model,svmPoly,nnet,C5.0,nb
svmPoly,1.0000000,0.5141273,0.4836327,-0.3919739
nnet,0.5141273,1.0000000,0.2088865,0.4005683
C5.0,0.48363273,0.20888654,1.00000000,0.04680076
nb,-0.39197394,0.40056833,0.04680076,1.00000000
