Statistics,E,N,P,R,T
Sensitivity,0.666667,0.9368,0.074074,0.4433,0.36842
Specificity,1.000000,0.4743,0.998727,0.9319,0.99177
Pos Pred Value,1.000000,0.8297,0.500000,0.6693,0.35000
Neg Pred Value,0.999373,0.7329,0.984316,0.8434,0.99240
Prevalence,0.001877,0.7322,0.016896,0.2372,0.01189
Detection Rate,0.001252,0.6859,0.001252,0.1051,0.00438
Detection Prevalence,0.001252,0.8267,0.002503,0.1571,0.01252
Balanced Accuracy,0.833333,0.7055,0.536400,0.6876,0.68009
