Statistics,E,N,P,R,T
Sensitivity,0.000000,0.9967,0.00000,0.032345,0.500000
Specificity,1.000000,0.1005,1.00000,0.995472,0.989995
Pos Pred Value,NaN,0.7989,NaN,0.631579,0.321429
Neg Pred Value,0.998957,0.8936,0.98592,0.810854,0.995236
Prevalence,0.001043,0.7820,0.01408,0.193532,0.009390
Detection Rate,0.000000,0.7793,0.00000,0.006260,0.004695
Detection Prevalence,0.000000,0.9755,0.00000,0.009911,0.014606
Balanced Accuracy,0.500000,0.5486,0.50000,0.513909,0.744997
