Model,svmPoly,C5.0,nb,nnet,pls,fda,pcaNNet
svmPoly,1.00000000,-0.07613807,0.4884043,0.02792864,-0.13229857,0.06162543,0.4873517
C5.0,-0.07613807,1.00000000,0.4397744,-0.55484674,0.39286031,-0.18048118,-0.4260283
nb,0.48840427,0.43977440,1.0000000,0.21818843,0.29386280,0.13044464,0.3886914
nnet,0.02792864,-0.55484674,0.2181884,1.00000000,-0.06960525,0.43102271,0.4019393
pls,-0.13229857,0.39286031,0.2938628,-0.06960525,1.00000000,0.31339897,-0.2667119
fda,0.06162543,-0.18048118,0.1304446,0.43102271,0.31339897,1.00000000,0.4529767
pcaNNet,0.48735167,-0.42602834,0.3886914,0.40193928,-0.26671191,0.45297673,1.0000000
