Model,svmPoly,C5.0,nb,nnet,pls,fda,pcaNNet
svmPoly,1.00000000,0.58790505,0.33352548,-0.29551403,-0.10601976,-0.04366915,0.12534384
C5.0,0.5879051,1.0000000,-0.3210518,-0.1453168,-0.1593004,-0.2009362,0.6112739
nb,0.33352548,-0.32105176,1.00000000,-0.37289702,-0.22187645,-0.09816688,-0.30104653
nnet,-0.29551403,-0.14531680,-0.37289702,1.00000000,0.72898465,-0.26279384,0.07288081
pls,-0.1060198,-0.1593004,-0.2218764,0.7289846,1.0000000,-0.0121746,0.2633997
fda,-0.04366915,-0.20093619,-0.09816688,-0.26279384,-0.01217460,1.00000000,-0.35648116
pcaNNet,0.12534384,0.61127391,-0.30104653,0.07288081,0.26339968,-0.35648116,1.00000000
