Model,svmPoly,C5.0,nb,nnet,pls,fda,pcaNNet
svmPoly,1.00000000,-0.57240657,0.50212427,-0.37754236,-0.62109828,0.20412947,-0.01874172
C5.0,-0.572406575,1.000000000,-0.498198589,-0.004076607,0.494296211,-0.289517190,-0.178786132
nb,0.50212427,-0.49819859,1.00000000,0.20583334,-0.07556197,-0.14627212,-0.18747351
nnet,-0.377542365,-0.004076607,0.205833339,1.000000000,0.412615258,-0.659555131,0.497780481
pls,-0.62109828,0.49429621,-0.07556197,0.41261526,1.00000000,-0.26494168,-0.21775108
fda,0.2041295,-0.2895172,-0.1462721,-0.6595551,-0.2649417,1.0000000,-0.2980560
pcaNNet,-0.01874172,-0.17878613,-0.18747351,0.49778048,-0.21775108,-0.29805603,1.00000000
