Model,svmPoly,C5.0,nb,nnet,pls,fda,pcaNNet
svmPoly,1.00000000,0.47774596,0.17524514,0.11902016,0.04612375,-0.42881278,0.38233537
C5.0,0.477745964,1.000000000,-0.007847298,-0.251455818,-0.052086110,-0.050313284,0.580794723
nb,0.175245140,-0.007847298,1.000000000,0.115132710,0.086769644,0.060086313,0.125225584
nnet,0.119020161,-0.251455818,0.115132710,1.000000000,0.495138177,-0.368084506,-0.003040283
pls,0.04612375,-0.05208611,0.08676964,0.49513818,1.00000000,-0.26346773,-0.08488871
fda,-0.42881278,-0.05031328,0.06008631,-0.36808451,-0.26346773,1.00000000,0.29746899
pcaNNet,0.382335367,0.580794723,0.125225584,-0.003040283,-0.084888709,0.297468990,1.000000000
