Statistics,E,N,P,R,T
Sensitivity,0.000000,0.9426,0.00000,0.5310,0.00000
Specificity,1.000000,0.5144,1.00000,0.9327,1.00000
Pos Pred Value,NaN,0.8744,NaN,0.6545,NaN
Neg Pred Value,0.998957,0.7143,0.98592,0.8923,0.99061
Prevalence,0.001043,0.7820,0.01408,0.1935,0.00939
Detection Rate,0.000000,0.7371,0.00000,0.1028,0.00000
Detection Prevalence,0.000000,0.8430,0.00000,0.1570,0.00000
Balanced Accuracy,0.500000,0.7285,0.50000,0.7319,0.50000
