Statistics,E,N,P,R,T
Sensitivity,0.000000,0.9863,0.0000,0.25858,0.00000
Specificity,1.000000,0.2687,1.0000,0.97293,1.00000
Pos Pred Value,NaN,0.7866,NaN,0.74809,NaN
Neg Pred Value,0.998123,0.8779,0.9831,0.80845,0.98811
Prevalence,0.001877,0.7322,0.0169,0.23717,0.01189
Detection Rate,0.000000,0.7222,0.0000,0.06133,0.00000
Detection Prevalence,0.000000,0.9180,0.0000,0.08198,0.00000
Balanced Accuracy,0.500000,0.6275,0.5000,0.61575,0.50000
