Statistics,E,N,P,R,T
Sensitivity,0.3333333,0.9188,0.111111,0.7150,0.368421
Specificity,1.0000000,0.7033,0.998090,0.9139,0.996200
Pos Pred Value,1.0000000,0.8943,0.500000,0.7207,0.538462
Neg Pred Value,0.9987477,0.7601,0.984925,0.9116,0.992429
Prevalence,0.0018773,0.7322,0.016896,0.2372,0.011890
Detection Rate,0.0006258,0.6727,0.001877,0.1696,0.004380
Detection Prevalence,0.0006258,0.7522,0.003755,0.2353,0.008135
Balanced Accuracy,0.6666667,0.8110,0.554601,0.8145,0.682311
