Statistics,E,N,P,R,T
Sensitivity,0.000000,0.9333,0.0000,0.6649,0.210526
Specificity,1.000000,0.6449,1.0000,0.9229,0.997467
Pos Pred Value,NaN,0.8778,NaN,0.7283,0.500000
Neg Pred Value,0.998123,0.7797,0.9831,0.8986,0.990566
Prevalence,0.001877,0.7322,0.0169,0.2372,0.011890
Detection Rate,0.000000,0.6834,0.0000,0.1577,0.002503
Detection Prevalence,0.000000,0.7785,0.0000,0.2165,0.005006
Balanced Accuracy,0.500000,0.7891,0.5000,0.7939,0.603997
