Statistics,E,N,P,R,T
Sensitivity,0.000000,0.9400,0.00000,0.5903,0.00000
Specificity,1.000000,0.5670,1.00000,0.9301,1.00000
Pos Pred Value,NaN,0.8862,NaN,0.6697,NaN
Neg Pred Value,0.998957,0.7248,0.98592,0.9044,0.99061
Prevalence,0.001043,0.7820,0.01408,0.1935,0.00939
Detection Rate,0.000000,0.7350,0.00000,0.1142,0.00000
Detection Prevalence,0.000000,0.8294,0.00000,0.1706,0.00000
Balanced Accuracy,0.500000,0.7535,0.50000,0.7602,0.50000
