Statistics,E,N,P,R,T
Sensitivity,0.000000,0.9787,0.00000,0.31267,0.00000
Specificity,1.000000,0.3158,1.00000,0.96895,1.00000
Pos Pred Value,NaN,0.8369,NaN,0.70732,NaN
Neg Pred Value,0.998957,0.8049,0.98592,0.85454,0.99061
Prevalence,0.001043,0.7820,0.01408,0.19353,0.00939
Detection Rate,0.000000,0.7653,0.00000,0.06051,0.00000
Detection Prevalence,0.000000,0.9144,0.00000,0.08555,0.00000
Balanced Accuracy,0.500000,0.6472,0.50000,0.64081,0.50000
