Model,svmPoly,nnet,C5.0,nb
svmPoly,1.00000000,-0.37595365,0.12947890,-0.04824133
nnet,-0.3759537,1.0000000,-0.6897507,0.2617190
C5.0,0.12947890,-0.68975069,1.00000000,0.01660783
nb,-0.04824133,0.26171898,0.01660783,1.00000000
