Statistics,E,N,P,R,T
Sensitivity,0.000000,0.9333,0.00000,0.6065,0.222222
Specificity,1.000000,0.5813,1.00000,0.9282,0.998420
Pos Pred Value,NaN,0.8888,NaN,0.6696,0.571429
Neg Pred Value,0.998957,0.7085,0.98592,0.9077,0.992670
Prevalence,0.001043,0.7820,0.01408,0.1935,0.009390
Detection Rate,0.000000,0.7298,0.00000,0.1174,0.002087
Detection Prevalence,0.000000,0.8211,0.00000,0.1753,0.003652
Balanced Accuracy,0.500000,0.7573,0.50000,0.7673,0.610321
