Statistics,E,N,P,R,T
Sensitivity,0.000000,0.9692,0.0000,0.3483,0.00000
Specificity,1.000000,0.3575,1.0000,0.9532,1.00000
Pos Pred Value,NaN,0.8048,NaN,0.6984,NaN
Neg Pred Value,0.998123,0.8095,0.9831,0.8247,0.98811
Prevalence,0.001877,0.7322,0.0169,0.2372,0.01189
Detection Rate,0.000000,0.7096,0.0000,0.0826,0.00000
Detection Prevalence,0.000000,0.8817,0.0000,0.1183,0.00000
Balanced Accuracy,0.500000,0.6634,0.5000,0.6508,0.50000
