Statistics,E,N,P,R,T
Sensitivity,0.000000,0.9863,0.0370370,0.031662,0.631579
Specificity,1.000000,0.1075,0.9942712,0.996719,0.984801
Pos Pred Value,NaN,0.7513,0.1000000,0.750000,0.333333
Neg Pred Value,0.998123,0.7419,0.9836272,0.768015,0.995519
Prevalence,0.001877,0.7322,0.0168961,0.237171,0.011890
Detection Rate,0.000000,0.7222,0.0006258,0.007509,0.007509
Detection Prevalence,0.000000,0.9612,0.0062578,0.010013,0.022528
Balanced Accuracy,0.500000,0.5469,0.5156541,0.514190,0.808190
